Date,YRMC Hospitalizations,VVMC Hospitalizations,VA Hospitalizations
06/26/20,14,14,2
06/29/20,21,18,2
06/30/20,27,18,2
07/02/20,32,19,3
07/06/20,36,21,3
07/07/20,33,18,3
07/08/20,28,15,3
07/09/20,30,16,7
07/10/20,29,15,5
07/13/20,26,13,2
07/14/20,25,13,2
07/15/20,23,11,3
,,,
,,,
,,,
,,,
,,,
,,,
,,,
,,,
,,,
,,,
,,,
,,,
,,,
,,,
,,,
,,,
,,,
,,,
,,,
,,,
,,,
,,,
,,,
,,,
,,,
,,,
,,,
,,,
,,,
,,,
,,,
,,,
,,,
,,,
,,,
,,,
,,,
